team,group,fifa_rank,dark_horse_score,avg_gf,avg_ga
Ghana,G,31,0.6137514171911903,1.2727,1.5455
Czech Republic,A,29,0.5991042913102141,1.24,1.36
Turkey,D,28,0.5967086650489438,1.26,1.34
Tunisia,F,35,0.5693352136006461,1.0,1.5
Chile,E,26,0.5494172212018245,1.125,1.125
Australia,D,27,0.3965416393631776,0.9231,2.0
