{"poisson_home": {"coef": [0.08267572570255621, 0.10790194028877477, -0.023154467407492538, 0.045039690130049354, -0.03763603557250686, 0.10750665887622272], "intercept": 0.20612284392223681}, "poisson_away": {"coef": [0.03981865437139263, -0.11381613905996425, 0.09067073706288456, 0.0002953901377007578, 0.04011404450909342, 0.03595709329990056], "intercept": 0.2136478511731836}, "test_accuracy": 0.515625, "mae": 0.9546086254949122}