{"poisson_home": {"coef": [0.06446391483836998, 0.10849032438681133, -0.021408846644957992, 0.035679407014624825, -0.02878450782374514, 0.11004881408814053], "intercept": 0.20918231702344356}, "poisson_away": {"coef": [0.044468049703921375, -0.11221550013313165, 0.08806848557525408, -0.0039844303278475796, 0.040483619376073816, 0.036551791950039374], "intercept": 0.21446923512277274}, "test_accuracy": 0.5625, "mae": 0.9551316556457697}